rank,name,category,mcap,mcap_src,defillama_mcap,fdv,circ_ratio,pf_basis,rev_30d,rev_annual,fees_30d,trend,pf,pf_mcap,holders_rev_30d,category_pf_rank,flags,symbol,gecko_id,chains,children,defillama_url
1,ORE Protocol,Gamified Mining,44566819,CoinGecko,44467569,44566819,1.0,FDV,2453022,29436264,2453022,1.222,1.51,1.51,2428488,1/1,,ORE,ore,Solana,ORE Protocol,https://defillama.com/protocol/ore-protocol
2,Gains Network,Derivatives,11853535,CoinGecko,11930917,11853535,1.0,FDV,587927,7055124,775488,1.098,1.68,1.68,35908,1/2,,GNS,gains-network,ApeChain;Arbitrum;Base;MegaETH;Polygon,Gains Network,https://defillama.com/protocol/gains-network
3,Solv Protocol,Bridge,24042637,CoinGecko,23795786,42033291,0.572,FDV,1218333,14619996,2436409,1.804,2.88,1.64,0,1/1,,SOLV,solv-protocol,AILayer;Arbitrum;Avalanche;BOB;BSC;Base;Berachain;Binance;Bitcoin;CORE;Ethereum;Hyperliquid L1;Ink;Linea;Mantle;Merlin;Polygon;Scroll;Solana;Soneium;X Layer,SolvBTC,https://defillama.com/protocol/solv-protocol
4,nest,Dexs,5000420,CoinGecko,5053826,36466277,0.137,FDV,546927,6563124,546927,3.132,5.56,0.76,546927,1/4,유통<25%,NEST,nest-2,Hyperliquid L1,nest CL,https://defillama.com/protocol/nest
5,HyperLend,Lending,5296657,CoinGecko,5415719,13453088,0.394,FDV,195984,2351804,1227716,1.255,5.72,2.25,0,1/2,,HPL,hyperlend,Hyperliquid L1,HyperLend Pooled;HyperLend Isolated,https://defillama.com/protocol/hyperlend
6,Alchemix,Synthetics,6822061,CoinGecko,6822947,8639757,0.79,FDV,68649,823788,150707,8.822,10.49,8.28,0,1/1,,ALCX,alchemix,Arbitrum;Ethereum;Fantom;OP Mainnet;Optimism,Alchemix V2;Alchemix V3,https://defillama.com/protocol/alchemix
7,Overtime,Prediction Market,11440359,CoinGecko,11518852,11440359,1.0,FDV,83523,1002276,83523,1.73,11.41,11.41,83523,1/1,,OVER,overtime,Arbitrum;Base;Binance;Ethereum;OP Mainnet;Optimism;Polygon,Overtime,https://defillama.com/protocol/overtime
8,Lista DAO,CDP,37703711,CoinGecko,37990629,69752509,0.541,FDV,478807,5745688,1386460,1.607,12.14,6.56,31735,1/1,,LISTA,lista,BSC;Binance;Ethereum,Lista CDP;Lista Liquid Staking;Lista Lending;Lista RWA;Lista DEX;lisAster;Lista Pre-IPO,https://defillama.com/protocol/lista-dao
9,Securitize,RWA,64252630,CoinGecko,64252630,413019248,0.156,FDV,2717850,32614200,11944756,1.453,12.66,1.97,0,1/3,유통<25%,-,securitize-corp,Aptos;Arbitrum;Avalanche;BSC;Ethereum;Ink;Mantle;OP Mainnet;Plume Mainnet;Polygon;Sei;Solana;ZKsync Era,BlackRock BUIDL;Apollo Diversified Credit Securitize Fund;VanEck Treasury Fund;Blockchain Capital;Hamilton Lane Senior Credit Opportunities Securitize Fund;Mantle Index Four Fund;Securitize Tokenized AAA CLO Fund,https://defillama.com/protocol/securitize
10,SSV Network,Staking Pool,46129715,CoinGecko,46810707,46129715,1.0,FDV,297434,3569208,302218,1.301,12.92,12.92,297434,1/1,,SSV,ssv-network,Ethereum,SSV Network,https://defillama.com/protocol/ssv-network
11,Definitive,DEX Aggregator,31448947,CoinGecko,31519867,117102540,0.269,FDV,749038,8988456,749038,1.294,13.03,3.5,149809,1/1,,EDGE,definitive,Arbitrum;Arc;Avalanche;BSC;Base;Ethereum;Ink;OP Mainnet;Polygon;Robinhood Chain;Solana,Definitive,https://defillama.com/protocol/definitive
12,HumidiFi,Dexs,15639708,CoinGecko,15829757,67998730,0.23,FDV,380631,4567572,380631,1.389,14.89,3.42,0,2/4,유통<25%,WET,humidifi,Solana,HumidiFi,https://defillama.com/protocol/humidifi
13,Minswap,Dexs,6677076,CoinGecko,6703931,9555822,0.699,FDV,52880,634560,136029,1.106,15.06,10.52,25080,3/4,,MIN,minswap,Cardano,Minswap DEX;Minswap Aggregator,https://defillama.com/protocol/minswap
14,o1.exchange,Launchpad,84223258,CoinGecko,84645152,526395364,0.16,FDV,2867386,34408632,5238403,3.612,15.3,2.45,0,1/2,유통<25%,O,o1-exchange,Arc;BSC;Base;Ethereum;Hyperliquid L1;Monad;Robinhood Chain;Solana;X Layer,o1.exchange Trading Terminal;o1 Launchpad,https://defillama.com/protocol/o1-exchange
15,Venus,Lending,57182924,CoinGecko,57732614,100852640,0.567,FDV,477424,5729091,1237752,1.733,17.6,9.98,190276,2/2,,XVS,venus,Arbitrum;BSC;Base;Binance;Ethereum;OP Mainnet;Op_Bnb;Optimism;Unichain;ZKsync Era;opBNB;zkSync Era,Venus Core Pool;Venus Flux,https://defillama.com/protocol/venus-finance
16,Centrifuge,RWA,61944381,CoinGecko,62111181,110735933,0.559,FDV,433081,5196972,4563322,1.103,21.31,11.92,0,2/3,,CFG,centrifuge-2,Avalanche;Base;Ethereum;Monad;Pharos;Plume Mainnet,Centrifuge Protocol,https://defillama.com/protocol/centrifuge
17,Sanctum,Liquid Staking,44667708,CoinGecko,46544045,85977705,0.52,FDV,241699,2900389,7758727,1.049,29.64,15.4,0,1/1,,CLOUD,sanctum-2,Solana,Sanctum Reserve;Sanctum Infinity;Sanctum Validator LSTs,https://defillama.com/protocol/sanctum
18,Aquarius Stellar,Dexs,15995918,CoinGecko,16045171,36348296,0.44,FDV,82546,990552,126943,1.52,36.69,16.15,82546,4/4,,AQUA,aquarius,Stellar,Aquarius Stellar,https://defillama.com/protocol/aquarius-stellar
19,Metaplex,Launchpad,26018088,CoinGecko,26319079,55192236,0.471,FDV,109712,1316544,109712,1.093,41.92,19.76,54856,2/2,,MPLX,metaplex,Solana,Metaplex,https://defillama.com/protocol/metaplex
20,ApeX Protocol,Derivatives,40491080,CoinGecko,40911735,130526160,0.31,FDV,217708,2612496,435410,1.377,49.96,15.5,217708,2/2,,APEX,apex-token-2,Arbitrum;Base;Binance;Ethereum;Mantle,Apex Omni,https://defillama.com/protocol/apex-protocol
21,USD AI,RWA,90781912,CoinGecko,91868528,453909561,0.2,FDV,168717,2024604,1687168,1.427,224.2,44.84,0,3/3,유통<25%,CHIP,chip-2,Arbitrum,USD AI,https://defillama.com/protocol/usd-ai
